year,average_annual_median_income
2000,41990
2001,42230
2002,42410
2003,43320
2004,44330
2005,46330
2006,48200
2007,50230
2008,50300
2009,49780
2010,49280
2011,50050
2012,51020
2013,53590
2014,53660
2015,56520
2016,59040
2017,61140
2018,63180
2019,68700
2020,68010
2021,70780
2022,74580
2023,80610
